{"cameraMode":{"drawMode":0,"name":"Shaded","section":"Shading Mode"},"sceneLighting":false,"audioPlay":false,"sceneViewState":{"showFog":true,"showMaterialUpdate":false,"showSkybox":false,"showFlares":true,"showImageEffects":true,"showParticleSystems":true},"in2DMode":false,"pivot":{"x":0.11423540115356446,"y":4.470399856567383,"z":-0.10434579849243164},"rotation":{"x":0.2845717668533325,"y":0.07611113786697388,"z":-0.022672398015856744,"w":0.9553616046905518},"size":5.437351226806641,"orthographic":true}