{"cameraMode":{"drawMode":0,"name":"Shaded","section":"Shading Mode"},"sceneLighting":false,"audioPlay":false,"sceneViewState":{"showFog":true,"showMaterialUpdate":false,"showSkybox":false,"showFlares":true,"showImageEffects":true,"showParticleSystems":true},"in2DMode":false,"pivot":{"x":-9.066638946533204,"y":2.302271842956543,"z":8.52999210357666},"rotation":{"x":0.15126442909240724,"y":-0.16067039966583253,"z":0.02495231106877327,"w":0.9751589894294739},"size":15.739047050476075,"orthographic":false}