{"cameraMode":{"drawMode":0,"name":"Shaded","section":"Shading Mode"},"sceneLighting":true,"audioPlay":false,"sceneViewState":{"showFog":true,"showMaterialUpdate":false,"showSkybox":true,"showFlares":true,"showImageEffects":true,"showParticleSystems":true},"in2DMode":false,"pivot":{"x":8.59250259399414,"y":4.837236404418945,"z":-75.19535064697266},"rotation":{"x":-0.05093711242079735,"y":-0.03984370827674866,"z":0.0020402446389198305,"w":-0.9979181885719299},"size":0.5594757795333862,"orthographic":false}