{"cameraMode":{"drawMode":0,"name":"Shaded","section":"Shading Mode"},"sceneLighting":false,"audioPlay":false,"sceneViewState":{"showFog":true,"showMaterialUpdate":false,"showSkybox":false,"showFlares":true,"showImageEffects":true,"showParticleSystems":true},"in2DMode":false,"pivot":{"x":0.003313899040222168,"y":0.20009580254554749,"z":-0.012415945529937745},"rotation":{"x":0.12861505150794984,"y":-0.6186379790306091,"z":0.10358671844005585,"w":0.768152117729187},"size":0.28704965114593508,"orthographic":true}