{"cameraMode":{"drawMode":0,"name":"Shaded","section":"Shading Mode"},"sceneLighting":true,"audioPlay":false,"sceneViewState":{"showFog":true,"showMaterialUpdate":false,"showSkybox":false,"showFlares":true,"showImageEffects":true,"showParticleSystems":true},"in2DMode":false,"pivot":{"x":338.8470458984375,"y":609.9485473632813,"z":482.31719970703127},"rotation":{"x":-0.050948578864336017,"y":-0.03385572135448456,"z":0.0017327009700238705,"w":-0.9981376528739929},"size":641.33935546875,"orthographic":false}